b8ce326944e2055e5a659c8e2dafd25f1602686602304,Demetrius Kulas,2001-08-21,839349e04c1b53e19a13ef90eb01b7231602686576432,2020-09-03,2030-09-03
188da5bc53e354af3fb04e13f40030b41602686602736,Della McLaughlin,2003-07-08,fb39c71d7d1af91b7365a83c36680baa1602686567664,2014-02-12,2024-02-12
d0a8a71e973cc757093892776d7213381602686602496,Selina Baker,1962-02-18,fb39c71d7d1af91b7365a83c36680baa1602686568144,2022-02-27,2032-02-27
e563928940124ec2123c735bbd2d94e41602686602352,Sasha Holmes,1991-09-03,fb39c71d7d1af91b7365a83c36680baa1602683501392,2020-10-18,2030-10-18
e1604681069fb24c4a0613114f268dc91602686602256,Demetrius Baker Holmes,1980-02-16,d261f35325f7e0705045b1dbff9440361602686601584,2017-12-13,2027-12-13
e1604681069fb24c4a0613114f268dc91602686602976,Demetrius Kulas Baker,1993-10-22,fb39c71d7d1af91b7365a83c36680baa1602676850496,2014-07-17,2024-07-17
e1604681069fb24c4a0613114f268dc91602686602784,Della Holmes Holmes,1991-04-07,fb39c71d7d1af91b7365a83c36680baa1602686566512,2022-02-25,2032-02-25
e1604681069fb24c4a0613114f268dc91602686602880,Selina Baker Kulas,1981-03-15,fb39c71d7d1af91b7365a83c36680baa1602683499424,2021-08-20,2031-08-20
e1604681069fb24c4a0613114f268dc91602686603072,Della Kulas Baker,1985-03-10,fb39c71d7d1af91b7365a83c36680baa1602683357264,2022-05-05,2032-05-05
e1604681069fb24c4a0613114f268dc91602686602832,Selina Kulas Kulas,1980-03-27,fb39c71d7d1af91b7365a83c36680baa1602686568432,2012-06-12,2022-06-12
e1604681069fb24c4a0613114f268dc91602686603024,Demetrius Holmes Kulas,1989-08-19,839349e04c1b53e19a13ef90eb01b7231602686578160,2011-08-24,2021-08-24
e1604681069fb24c4a0613114f268dc91602686603168,Della Della Holmes,1982-02-13,fb39c71d7d1af91b7365a83c36680baa1602686568528,2012-02-18,2022-02-18
e1604681069fb24c4a0613114f268dc91602686603120,Selina Selina Baker,1981-11-20,fb39c71d7d1af91b7365a83c36680baa1602686568528,2016-10-01,2026-10-01
e1604681069fb24c4a0613114f268dc91602686602544,Selina Kulas Baker,1986-08-07,fb39c71d7d1af91b7365a83c36680baa1602683501680,2012-12-02,2022-12-02
e1604681069fb24c4a0613114f268dc91602686602400,Demetrius Demetrius Holmes,1994-01-14,fb39c71d7d1af91b7365a83c36680baa1602683500528,2014-12-02,2024-12-02
e1604681069fb24c4a0613114f268dc91602686602928,Selina Holmes Baker,1974-07-13,fb39c71d7d1af91b7365a83c36680baa1602686569584,2020-11-28,2030-11-28
e1604681069fb24c4a0613114f268dc91602686602448,Demetrius Holmes Baker,1987-10-09,fb39c71d7d1af91b7365a83c36680baa1602683501296,2014-02-19,2024-02-19
e1604681069fb24c4a0613114f268dc91602686602640,Selina Holmes Kulas,1990-02-27,fb39c71d7d1af91b7365a83c36680baa1602683501776,2021-08-15,2031-08-15
e1604681069fb24c4a0613114f268dc91602686602592,Della Demetrius McLaughlin,1991-02-08,d261f35325f7e0705045b1dbff9440361602686601392,2016-06-07,2026-06-07
e1604681069fb24c4a0613114f268dc91602686603216,Demetrius McLaughlin Kulas,1973-01-23,839349e04c1b53e19a13ef90eb01b7231602686587568,2017-10-25,2027-10-25
